--Q1) WAQTD ENAME AND SALARY OF EMPLOYEE ?
SQL> 
SQL> SELECT ENAME,SAL
  2  FROM EMP;

ENAME             SAL                                                                                                                                                                                   
---------- ----------                                                                                                                                                                                   
SMITH             800                                                                                                                                                                                   
ALLEN            1600                                                                                                                                                                                   
WARD             1250                                                                                                                                                                                   
JONES            2975                                                                                                                                                                                   
MARTIN           1250                                                                                                                                                                                   
BLAKE            2850                                                                                                                                                                                   
CLARK            2450                                                                                                                                                                                   
SCOTT            3000                                                                                                                                                                                   
KING             5000                                                                                                                                                                                   
TURNER           1500                                                                                                                                                                                   
ADAMS            1100                                                                                                                                                                                   
JAMES             950                                                                                                                                                                                   
FORD             3000                                                                                                                                                                                   
MILLER           1300                                                                                                                                                                                   

14 rows selected.

SQL> 
SQL> --Q2) WAQTD DEPARTMENT NAME AND ITS LOCATION FOR ALL THE DEPARTMENT ?
SQL> 
SQL> SELECT DNAME,LOC
  2  FROM DEPT;

DNAME          LOC                                                                                                                                                                                      
-------------- -------------                                                                                                                                                                            
ACCOUNTING     NEW YORK                                                                                                                                                                                 
RESEARCH       DALLAS                                                                                                                                                                                   
SALES          CHICAGO                                                                                                                                                                                  
OPERATIONS     BOSTON                                                                                                                                                                                   

SQL> 
SQL> 
SQL> --Q3) WAQTD ENAME,SALLARY COMMISION AND DATE OF JOINING OF EVERY EMPLOYEE ?
SQL> 
SQL> SELECT ENAME,COMM,SAL,HIREDATE
  2  FROM EMP;

ENAME            COMM        SAL HIREDATE                                                                                                                                                               
---------- ---------- ---------- ---------                                                                                                                                                              
SMITH                        800 17-DEC-80                                                                                                                                                              
ALLEN             300       1600 20-FEB-81                                                                                                                                                              
WARD              500       1250 22-FEB-81                                                                                                                                                              
JONES                       2975 02-APR-81                                                                                                                                                              
MARTIN           1400       1250 28-SEP-81                                                                                                                                                              
BLAKE                       2850 01-MAY-81                                                                                                                                                              
CLARK                       2450 09-JUN-81                                                                                                                                                              
SCOTT                       3000 19-APR-87                                                                                                                                                              
KING                        5000 17-NOV-81                                                                                                                                                              
TURNER              0       1500 08-SEP-81                                                                                                                                                              
ADAMS                       1100 23-MAY-87                                                                                                                                                              
JAMES                        950 03-DEC-81                                                                                                                                                              
FORD                        3000 03-DEC-81                                                                                                                                                              
MILLER                      1300 23-JAN-82                                                                                                                                                              

14 rows selected.

SQL> 
SQL> --Q4) WAQTD EMPLOYEE NAME, HIS DESIGNATION AND HIS MANAGER'S EMPLOYEE NUMBER ?
SQL> 
SQL> SELECT ENAME, JOB, MGR
  2  FROM EMP;

ENAME      JOB              MGR                                                                                                                                                                         
---------- --------- ----------                                                                                                                                                                         
SMITH      CLERK           7902                                                                                                                                                                         
ALLEN      SALESMAN        7698                                                                                                                                                                         
WARD       SALESMAN        7698                                                                                                                                                                         
JONES      MANAGER         7839                                                                                                                                                                         
MARTIN     SALESMAN        7698                                                                                                                                                                         
BLAKE      MANAGER         7839                                                                                                                                                                         
CLARK      MANAGER         7839                                                                                                                                                                         
SCOTT      ANALYST         7566                                                                                                                                                                         
KING       PRESIDENT                                                                                                                                                                                    
TURNER     SALESMAN        7698                                                                                                                                                                         
ADAMS      CLERK           7788                                                                                                                                                                         
JAMES      CLERK           7698                                                                                                                                                                         
FORD       ANALYST         7566                                                                                                                                                                         
MILLER     CLERK           7782                                                                                                                                                                         

14 rows selected.

SQL> 
SQL> --Q5) WAQTD EMPLOYEE NAME AND ITS DEPARTMENT NO ?
SQL> 
SQL> SELECT ENAME, DEPTNO
  2  FROM EMP
  3  ;

ENAME          DEPTNO                                                                                                                                                                                   
---------- ----------                                                                                                                                                                                   
SMITH              20                                                                                                                                                                                   
ALLEN              30                                                                                                                                                                                   
WARD               30                                                                                                                                                                                   
JONES              20                                                                                                                                                                                   
MARTIN             30                                                                                                                                                                                   
BLAKE              30                                                                                                                                                                                   
CLARK              10                                                                                                                                                                                   
SCOTT              20                                                                                                                                                                                   
KING               10                                                                                                                                                                                   
TURNER             30                                                                                                                                                                                   
ADAMS              20                                                                                                                                                                                   
JAMES              30                                                                                                                                                                                   
FORD               20                                                                                                                                                                                   
MILLER             10                                                                                                                                                                                   

14 rows selected.

SQL> 
SQL> --Q6)
SQL> 
SQL> --SELECT *
SQL> FROM EMP;
SP2-0042: unknown command "FROM EMP" - rest of line ignored.
SQL> 
SQL> SELECT *
  2  FROM EMP;

     EMPNO ENAME      JOB              MGR HIREDATE         SAL       COMM     DEPTNO                                                                                                                   
---------- ---------- --------- ---------- --------- ---------- ---------- ----------                                                                                                                   
      7369 SMITH      CLERK           7902 17-DEC-80        800                    20                                                                                                                   
      7499 ALLEN      SALESMAN        7698 20-FEB-81       1600        300         30                                                                                                                   
      7521 WARD       SALESMAN        7698 22-FEB-81       1250        500         30                                                                                                                   
      7566 JONES      MANAGER         7839 02-APR-81       2975                    20                                                                                                                   
      7654 MARTIN     SALESMAN        7698 28-SEP-81       1250       1400         30                                                                                                                   
      7698 BLAKE      MANAGER         7839 01-MAY-81       2850                    30                                                                                                                   
      7782 CLARK      MANAGER         7839 09-JUN-81       2450                    10                                                                                                                   
      7788 SCOTT      ANALYST         7566 19-APR-87       3000                    20                                                                                                                   
      7839 KING       PRESIDENT            17-NOV-81       5000                    10                                                                                                                   
      7844 TURNER     SALESMAN        7698 08-SEP-81       1500          0         30                                                                                                                   
      7876 ADAMS      CLERK           7788 23-MAY-87       1100                    20                                                                                                                   
      7900 JAMES      CLERK           7698 03-DEC-81        950                    30                                                                                                                   
      7902 FORD       ANALYST         7566 03-DEC-81       3000                    20                                                                                                                   
      7934 MILLER     CLERK           7782 23-JAN-82       1300                    10                                                                                                                   

14 rows selected.

SQL> 
SQL> --Q7)
SQL> 
SQL> SELECT *
  2  FROM DEPT;

    DEPTNO DNAME          LOC                                                                                                                                                                           
---------- -------------- -------------                                                                                                                                                                 
        10 ACCOUNTING     NEW YORK                                                                                                                                                                      
        20 RESEARCH       DALLAS                                                                                                                                                                        
        30 SALES          CHICAGO                                                                                                                                                                       
        40 OPERATIONS     BOSTON                                                                                                                                                                        

SQL> 
SQL> --Q8)
SQL> 
SQL> SELECT ENAME, EMPNO, SAL + SAL*30/100 AS " 30% HIKE"
  2  FROM EMP;

ENAME           EMPNO   30% HIKE                                                                                                                                                                        
---------- ---------- ----------                                                                                                                                                                        
SMITH            7369       1040                                                                                                                                                                        
ALLEN            7499       2080                                                                                                                                                                        
WARD             7521       1625                                                                                                                                                                        
JONES            7566     3867.5                                                                                                                                                                        
MARTIN           7654       1625                                                                                                                                                                        
BLAKE            7698       3705                                                                                                                                                                        
CLARK            7782       3185                                                                                                                                                                        
SCOTT            7788       3900                                                                                                                                                                        
KING             7839       6500                                                                                                                                                                        
TURNER           7844       1950                                                                                                                                                                        
ADAMS            7876       1430                                                                                                                                                                        
JAMES            7900       1235                                                                                                                                                                        
FORD             7902       3900                                                                                                                                                                        
MILLER           7934       1690                                                                                                                                                                        

14 rows selected.

SQL> 
SQL> 
SQL> --Q9) S\
SQL> 
SQL> SELECT ENAME, EMPNO, SAL , SAL*12 AS "ANNUAL SAL"
  2  FROM EMP;

ENAME           EMPNO        SAL ANNUAL SAL                                                                                                                                                             
---------- ---------- ---------- ----------                                                                                                                                                             
SMITH            7369        800       9600                                                                                                                                                             
ALLEN            7499       1600      19200                                                                                                                                                             
WARD             7521       1250      15000                                                                                                                                                             
JONES            7566       2975      35700                                                                                                                                                             
MARTIN           7654       1250      15000                                                                                                                                                             
BLAKE            7698       2850      34200                                                                                                                                                             
CLARK            7782       2450      29400                                                                                                                                                             
SCOTT            7788       3000      36000                                                                                                                                                             
KING             7839       5000      60000                                                                                                                                                             
TURNER           7844       1500      18000                                                                                                                                                             
ADAMS            7876       1100      13200                                                                                                                                                             
JAMES            7900        950      11400                                                                                                                                                             
FORD             7902       3000      36000                                                                                                                                                             
MILLER           7934       1300      15600                                                                                                                                                             

14 rows selected.

SQL> 
SQL> 
SQL> --Q10)
SQL> SELECT ENAME
  2  FROM EMP;

ENAME                                                                                                                                                                                                   
----------                                                                                                                                                                                              
SMITH                                                                                                                                                                                                   
ALLEN                                                                                                                                                                                                   
WARD                                                                                                                                                                                                    
JONES                                                                                                                                                                                                   
MARTIN                                                                                                                                                                                                  
BLAKE                                                                                                                                                                                                   
CLARK                                                                                                                                                                                                   
SCOTT                                                                                                                                                                                                   
KING                                                                                                                                                                                                    
TURNER                                                                                                                                                                                                  
ADAMS                                                                                                                                                                                                   
JAMES                                                                                                                                                                                                   
FORD                                                                                                                                                                                                    
MILLER                                                                                                                                                                                                  

14 rows selected.

SQL> 
SQL> 
SQL> --Q11)
SQL> SELECT ENAME, SAL*12 AS "ANNUAL SAL" , SAL+SAL*30/100 AS "HIKE 30%"
  2  FROM EMP;

ENAME      ANNUAL SAL   HIKE 30%                                                                                                                                                                        
---------- ---------- ----------                                                                                                                                                                        
SMITH            9600       1040                                                                                                                                                                        
ALLEN           19200       2080                                                                                                                                                                        
WARD            15000       1625                                                                                                                                                                        
JONES           35700     3867.5                                                                                                                                                                        
MARTIN          15000       1625                                                                                                                                                                        
BLAKE           34200       3705                                                                                                                                                                        
CLARK           29400       3185                                                                                                                                                                        
SCOTT           36000       3900                                                                                                                                                                        
KING            60000       6500                                                                                                                                                                        
TURNER          18000       1950                                                                                                                                                                        
ADAMS           13200       1430                                                                                                                                                                        
JAMES           11400       1235                                                                                                                                                                        
FORD            36000       3900                                                                                                                                                                        
MILLER          15600       1690                                                                                                                                                                        

14 rows selected.

SQL> 
SQL> 
SQL> --Q12)
SQL> SELECT ENAME, SAL, SAL*12 AS "ANNUAL SAL ", SAL*12+1000 AS " ANNUAL SAL WITH 1000 BOUNUS"
  2  FROM EMP;

ENAME             SAL ANNUAL SAL   ANNUAL SAL WITH 1000 BOUNUS                                                                                                                                          
---------- ---------- ----------- ----------------------------                                                                                                                                          
SMITH             800        9600                        10600                                                                                                                                          
ALLEN            1600       19200                        20200                                                                                                                                          
WARD             1250       15000                        16000                                                                                                                                          
JONES            2975       35700                        36700                                                                                                                                          
MARTIN           1250       15000                        16000                                                                                                                                          
BLAKE            2850       34200                        35200                                                                                                                                          
CLARK            2450       29400                        30400                                                                                                                                          
SCOTT            3000       36000                        37000                                                                                                                                          
KING             5000       60000                        61000                                                                                                                                          
TURNER           1500       18000                        19000                                                                                                                                          
ADAMS            1100       13200                        14200                                                                                                                                          
JAMES             950       11400                        12400                                                                                                                                          
FORD             3000       36000                        37000                                                                                                                                          
MILLER           1300       15600                        16600                                                                                                                                          

14 rows selected.

SQL> 
SQL> --Q13)
SQL> SELECT SAL
  2  FROM EMP
  3  WHERE SAL > 1500;

       SAL                                                                                                                                                                                              
----------                                                                                                                                                                                              
      1600                                                                                                                                                                                              
      2975                                                                                                                                                                                              
      2850                                                                                                                                                                                              
      2450                                                                                                                                                                                              
      3000                                                                                                                                                                                              
      5000                                                                                                                                                                                              
      3000                                                                                                                                                                                              

7 rows selected.

SQL> 
SQL> --Q14)
SQL> 
SQL> SELECT ENAME,SAL,HIREDATE,SA*12 AS "ANNUAL SAL"
  2  FROM EMP
  3  WHERE SAL*12 > 10000;
SELECT ENAME,SAL,HIREDATE,SA*12 AS "ANNUAL SAL"
                          *
ERROR at line 1:
ORA-00904: "SA": invalid identifier 


SQL> SELECT HIREDATE,SAL,ENAME,SAL*12 AS "ANNUAL SAL"
  2  FROM EMP
  3  WHERE SAL*12 > 10000;

HIREDATE         SAL ENAME      ANNUAL SAL                                                                                                                                                              
--------- ---------- ---------- ----------                                                                                                                                                              
20-FEB-81       1600 ALLEN           19200                                                                                                                                                              
22-FEB-81       1250 WARD            15000                                                                                                                                                              
02-APR-81       2975 JONES           35700                                                                                                                                                              
28-SEP-81       1250 MARTIN          15000                                                                                                                                                              
01-MAY-81       2850 BLAKE           34200                                                                                                                                                              
09-JUN-81       2450 CLARK           29400                                                                                                                                                              
19-APR-87       3000 SCOTT           36000                                                                                                                                                              
17-NOV-81       5000 KING            60000                                                                                                                                                              
08-SEP-81       1500 TURNER          18000                                                                                                                                                              
23-MAY-87       1100 ADAMS           13200                                                                                                                                                              
03-DEC-81        950 JAMES           11400                                                                                                                                                              
03-DEC-81       3000 FORD            36000                                                                                                                                                              
23-JAN-82       1300 MILLER          15600                                                                                                                                                              

13 rows selected.

SQL> 
SQL> 
SQL> --Q15)
SQL> 
SQL> SELECT *
  2  FROM EMP
  3  WHERE DEPTNO = 20 ;

     EMPNO ENAME      JOB              MGR HIREDATE         SAL       COMM     DEPTNO                                                                                                                   
---------- ---------- --------- ---------- --------- ---------- ---------- ----------                                                                                                                   
      7369 SMITH      CLERK           7902 17-DEC-80        800                    20                                                                                                                   
      7566 JONES      MANAGER         7839 02-APR-81       2975                    20                                                                                                                   
      7788 SCOTT      ANALYST         7566 19-APR-87       3000                    20                                                                                                                   
      7876 ADAMS      CLERK           7788 23-MAY-87       1100                    20                                                                                                                   
      7902 FORD       ANALYST         7566 03-DEC-81       3000                    20                                                                                                                   

SQL> 
SQL> 
SQL> --Q16)
SQL> 
SQL> SELECT *
  2  FROM EMP
  3  WHERE JOB = 'MANAGER';

     EMPNO ENAME      JOB              MGR HIREDATE         SAL       COMM     DEPTNO                                                                                                                   
---------- ---------- --------- ---------- --------- ---------- ---------- ----------                                                                                                                   
      7566 JONES      MANAGER         7839 02-APR-81       2975                    20                                                                                                                   
      7698 BLAKE      MANAGER         7839 01-MAY-81       2850                    30                                                                                                                   
      7782 CLARK      MANAGER         7839 09-JUN-81       2450                    10                                                                                                                   

SQL> 
SQL> 
SQL> Q17)
SP2-0042: unknown command "Q17)" - rest of line ignored.
SQL> 
SQL> SELECT *
  2  FROM EMP
  3  WHERE HIREDATE >= '1-JAN-1996';

no rows selected

SQL> 
SQL> 
SQL> --Q18)
SQL> 
SQL> SELECT FROM.*, COMM
  2  FROM EMP
  3  GROUP BY COMM
  4  HAVNG COMM > SAL;
SELECT FROM.*, COMM
       *
ERROR at line 1:
ORA-00936: missing expression 


SQL> clear screen
SQL> edit
Wrote file afiedt.buf

  1  SELECT FROM.*, COMM
  2  FROM EMP
  3* WHERE COMM > SAL
SQL> /
SELECT FROM.*, COMM
       *
ERROR at line 1:
ORA-00936: missing expression 


SQL> edit
Wrote file afiedt.buf

  1  SELECT *
  2  FROM EMP
  3* WHERE COMM > SAL
SQL> /

     EMPNO ENAME      JOB              MGR HIREDATE         SAL       COMM     DEPTNO                                                                                                                   
---------- ---------- --------- ---------- --------- ---------- ---------- ----------                                                                                                                   
      7654 MARTIN     SALESMAN        7698 28-SEP-81       1250       1400         30                                                                                                                   

SQL> 
SQL> 
SQL> --Q19)
SQL> 
SQL> SELECT *
  2  FROM EMO
  3  WHERE JOB = 'CLERK';
FROM EMO
     *
ERROR at line 2:
ORA-00942: table or view does not exist 


SQL> edit
Wrote file afiedt.buf

  1  SELECT *
  2  FROM EMP
  3* WHERE JOB = 'CLERK'
SQL> /

     EMPNO ENAME      JOB              MGR HIREDATE         SAL       COMM     DEPTNO                                                                                                                   
---------- ---------- --------- ---------- --------- ---------- ---------- ----------                                                                                                                   
      7369 SMITH      CLERK           7902 17-DEC-80        800                    20                                                                                                                   
      7876 ADAMS      CLERK           7788 23-MAY-87       1100                    20                                                                                                                   
      7900 JAMES      CLERK           7698 03-DEC-81        950                    30                                                                                                                   
      7934 MILLER     CLERK           7782 23-JAN-82       1300                    10                                                                                                                   

SQL> 
SQL> 
SQL> -Q20)
SP2-0042: unknown command "-Q20)" - rest of line ignored.
SQL> 
SQL> SELECT DEPNTO,DNAME
  2  FROM EMP
  3  WHERE LOC = 'BOSTON';
WHERE LOC = 'BOSTON'
      *
ERROR at line 3:
ORA-00904: "LOC": invalid identifier 


SQL> edit
Wrote file afiedt.buf

  1  SELECT DEPNTO,DNAME
  2  FROM DEPT
  3* WHERE LOC = 'BOSTON'
SQL> /
SELECT DEPNTO,DNAME
       *
ERROR at line 1:
ORA-00904: "DEPNTO": invalid identifier 


SQL> edit
Wrote file afiedt.buf

  1  SELECT DEPTNO,DNAME
  2  FROM DEPT
  3* WHERE LOC = 'BOSTON'
SQL> /

    DEPTNO DNAME                                                                                                                                                                                        
---------- --------------                                                                                                                                                                               
        40 OPERATIONS                                                                                                                                                                                   

SQL> 
SQL> 
SQL> --Q21)
SQL> 
SQL> SELECT *
  2  FROM EMP
  3  WHERE DEPTNO = 10 AND SAL > 2000;

     EMPNO ENAME      JOB              MGR HIREDATE         SAL       COMM     DEPTNO                                                                                                                   
---------- ---------- --------- ---------- --------- ---------- ---------- ----------                                                                                                                   
      7782 CLARK      MANAGER         7839 09-JUN-81       2450                    10                                                                                                                   
      7839 KING       PRESIDENT            17-NOV-81       5000                    10                                                                                                                   

SQL> 
SQL> 
SQL> -Q22)
SP2-0042: unknown command "-Q22)" - rest of line ignored.
SQL> 
SQL> SELECT ENAME, SAL*12 AS "ANNUAL SAL" SAL + SAL*25/100
  2  FROM EMP
  3  WHERE JOB 'CLEARK' AND HIREDATE = '16-JUNE-1982';
SELECT ENAME, SAL*12 AS "ANNUAL SAL" SAL + SAL*25/100
                                     *
ERROR at line 1:
ORA-00923: FROM keyword not found where expected 


SQL> edit
Wrote file afiedt.buf

  1  SELECT ENAME, SAL*12 AS "ANNUAL SAL" ,SAL + SAL*25/100
  2  FROM EMP
  3* WHERE JOB 'CLEARK' AND HIREDATE = '16-JUNE-1982'
SQL> /
WHERE JOB 'CLEARK' AND HIREDATE = '16-JUNE-1982'
          *
ERROR at line 3:
ORA-00920: invalid relational operator 


SQL> edit
Wrote file afiedt.buf

  1  SELECT ENAME, SAL*12 AS "ANNUAL SAL" ,SAL + SAL*25/100
  2  FROM EMP
  3* WHERE JOB ='CLEARK' AND HIREDATE = '16-JUNE-1982'
SQL> /

no rows selected

SQL> 
SQL> 
